name1,surname1
name2,surname2
name3,surname3
name4,surname4
name5,surname5
name6,surname6
name7,surname7
name8,surname8
name9,surname9
name10,surname10
name11,surname11
name12,surname12
name13,surname13
name14,surname14
name15,surname15
name16,surname16
name17,surname17
name18,surname18
name19,surname19
name20,surname20
name21,surname21
name22,surname22
name23,surname23
name24,surname24
name25,surname25
name26,surname26
name27,surname27
name28,surname28
name29,surname29
name30,surname30
name31,surname31
name32,surname32
name33,surname33
name34,surname34
name35,surname35
name36,surname36
name37,surname37
name38,surname38
name39,surname39
name40,surname40
name41,surname41
name42,surname42
name43,surname43
name44,surname44
name45,surname45
name46,surname46
name47,surname47
name48,surname48
name49,surname49
name50,surname50
name51,surname51
name52,surname52
name53,surname53
name54,surname54
name55,surname55
name56,surname56
name57,surname57
name58,surname58
name59,surname59
name60,surname60
name61,surname61
name62,surname62
name63,surname63
name64,surname64
name65,surname65
name66,surname66
name67,surname67
name68,surname68
name69,surname69
name70,surname70
name71,surname71
name72,surname72
name73,surname73
name74,surname74
name75,surname75
name76,surname76
name77,surname77
name78,surname78
name79,surname79
name80,surname80
name81,surname81
name82,surname82
name83,surname83
name84,surname84
name85,surname85
name86,surname86
name87,surname87
name88,surname88
name89,surname89
name90,surname90
name91,surname91
name92,surname92
name93,surname93
name94,surname94
name95,surname95
name96,surname96
name97,surname97
name98,surname98
name99,surname99
name100,surname100
name101,surname101
name102,surname102
name103,surname103
name104,surname104
name105,surname105
name106,surname106
name107,surname107
name108,surname108
name109,surname109
name110,surname110
name111,surname111
name112,surname112
name113,surname113
name114,surname114
name115,surname115
name116,surname116
name117,surname117
name118,surname118
name119,surname119
name120,surname120
name121,surname121
name122,surname122
name123,surname123
name124,surname124
name125,surname125
name126,surname126
name127,surname127
name128,surname128
name129,surname129
name130,surname130
name131,surname131
name132,surname132
name133,surname133
name134,surname134
name135,surname135
name136,surname136
name137,surname137
name138,surname138
name139,surname139
name140,surname140
name141,surname141
name142,surname142
name143,surname143
name144,surname144
name145,surname145
name146,surname146
name147,surname147
name148,surname148
name149,surname149
name150,surname150
name151,surname151
name152,surname152
name153,surname153
name154,surname154
name155,surname155
name156,surname156
name157,surname157
name158,surname158
name159,surname159
name160,surname160
name161,surname161
name162,surname162
name163,surname163
name164,surname164
name165,surname165
name166,surname166
name167,surname167
name168,surname168
name169,surname169
name170,surname170
name171,surname171
name172,surname172
name173,surname173
name174,surname174
name175,surname175
name176,surname176
name177,surname177
name178,surname178
name179,surname179
name180,surname180
name181,surname181
name182,surname182
name183,surname183
name184,surname184
name185,surname185
name186,surname186
name187,surname187
name188,surname188
name189,surname189
name190,surname190
name191,surname191
name192,surname192
name193,surname193
name194,surname194
name195,surname195
name196,surname196
name197,surname197
name198,surname198
name199,surname199
name200,surname200
name201,surname201
name202,surname202
name203,surname203
name204,surname204
name205,surname205
name206,surname206
name207,surname207
name208,surname208
name209,surname209
name210,surname210
name211,surname211
name212,surname212
name213,surname213
name214,surname214
name215,surname215
name216,surname216
name217,surname217
name218,surname218
name219,surname219
name220,surname220
name221,surname221
name222,surname222
name223,surname223
name224,surname224
name225,surname225
name226,surname226
name227,surname227
name228,surname228
name229,surname229
name230,surname230
name231,surname231
name232,surname232
name233,surname233
name234,surname234
name235,surname235
name236,surname236
name237,surname237
name238,surname238
name239,surname239
name240,surname240
name241,surname241
name242,surname242
name243,surname243
name244,surname244
name245,surname245
name246,surname246
name247,surname247
name248,surname248
name249,surname249
name250,surname250
name251,surname251
name252,surname252
name253,surname253
name254,surname254
name255,surname255
name256,surname256
name257,surname257
name258,surname258
name259,surname259
name260,surname260
name261,surname261
name262,surname262
name263,surname263
name264,surname264
name265,surname265
name266,surname266
name267,surname267
name268,surname268
name269,surname269
name270,surname270
name271,surname271
name272,surname272
name273,surname273
name274,surname274
name275,surname275
name276,surname276
name277,surname277
name278,surname278
name279,surname279
name280,surname280
name281,surname281
name282,surname282
name283,surname283
name284,surname284
name285,surname285
name286,surname286
name287,surname287
name288,surname288
name289,surname289
name290,surname290
name291,surname291
name292,surname292
name293,surname293
name294,surname294
name295,surname295
name296,surname296
name297,surname297
name298,surname298
name299,surname299
name300,surname300
name301,surname301
name302,surname302
name303,surname303
name304,surname304
name305,surname305
name306,surname306
name307,surname307
name308,surname308
name309,surname309
name310,surname310
name311,surname311
name312,surname312
name313,surname313
name314,surname314
name315,surname315
name316,surname316
name317,surname317
name318,surname318
name319,surname319
name320,surname320
name321,surname321
name322,surname322
name323,surname323
name324,surname324
name325,surname325
name326,surname326
name327,surname327
name328,surname328
name329,surname329
name330,surname330
name331,surname331
name332,surname332
name333,surname333
name334,surname334
name335,surname335
name336,surname336
name337,surname337
name338,surname338
name339,surname339
name340,surname340
name341,surname341
name342,surname342
name343,surname343
name344,surname344
name345,surname345
name346,surname346
name347,surname347
name348,surname348
name349,surname349
name350,surname350
name351,surname351
name352,surname352
name353,surname353
name354,surname354
name355,surname355
name356,surname356
name357,surname357
name358,surname358
name359,surname359
name360,surname360
name361,surname361
name362,surname362
name363,surname363
name364,surname364
name365,surname365
name366,surname366
name367,surname367
name368,surname368
name369,surname369
name370,surname370
name371,surname371
name372,surname372
name373,surname373
name374,surname374
name375,surname375
name376,surname376
name377,surname377
name378,surname378
name379,surname379
name380,surname380
name381,surname381
name382,surname382
name383,surname383
name384,surname384
name385,surname385
name386,surname386
name387,surname387
name388,surname388
name389,surname389
name390,surname390
name391,surname391
name392,surname392
name393,surname393
name394,surname394
name395,surname395
name396,surname396
name397,surname397
name398,surname398
name399,surname399
name400,surname400
name401,surname401
name402,surname402
name403,surname403
name404,surname404
name405,surname405
name406,surname406
name407,surname407
name408,surname408
name409,surname409
name410,surname410
name411,surname411
name412,surname412
name413,surname413
name414,surname414
name415,surname415
name416,surname416
name417,surname417
name418,surname418
name419,surname419
name420,surname420
name421,surname421
name422,surname422
name423,surname423
name424,surname424
name425,surname425
name426,surname426
name427,surname427
name428,surname428
name429,surname429
name430,surname430
name431,surname431
name432,surname432
name433,surname433
name434,surname434
name435,surname435
name436,surname436
name437,surname437
name438,surname438
name439,surname439
name440,surname440
name441,surname441
name442,surname442
name443,surname443
name444,surname444
name445,surname445
name446,surname446
name447,surname447
name448,surname448
name449,surname449
name450,surname450
name451,surname451
name452,surname452
name453,surname453
name454,surname454
name455,surname455
name456,surname456
name457,surname457
name458,surname458
name459,surname459
name460,surname460
name461,surname461
name462,surname462
name463,surname463
name464,surname464
name465,surname465
name466,surname466
name467,surname467
name468,surname468
name469,surname469
name470,surname470
name471,surname471
name472,surname472
name473,surname473
name474,surname474
name475,surname475
name476,surname476
name477,surname477
name478,surname478
name479,surname479
name480,surname480
name481,surname481
name482,surname482
name483,surname483
name484,surname484
name485,surname485
name486,surname486
name487,surname487
name488,surname488
name489,surname489
name490,surname490
name491,surname491
name492,surname492
name493,surname493
name494,surname494
name495,surname495
name496,surname496
name497,surname497
name498,surname498
name499,surname499
name500,surname500
name501,surname501
name502,surname502
name503,surname503
name504,surname504
name505,surname505
name506,surname506
name507,surname507
name508,surname508
name509,surname509
name510,surname510
name511,surname511
name512,surname512
name513,surname513
name514,surname514
name515,surname515
name516,surname516
name517,surname517
name518,surname518
name519,surname519
name520,surname520
name521,surname521
name522,surname522
name523,surname523
name524,surname524
name525,surname525
name526,surname526
name527,surname527
name528,surname528
name529,surname529
name530,surname530
name531,surname531
name532,surname532
name533,surname533
name534,surname534
name535,surname535
name536,surname536
name537,surname537
name538,surname538
name539,surname539
name540,surname540
name541,surname541
name542,surname542
name543,surname543
name544,surname544
name545,surname545
name546,surname546
name547,surname547
name548,surname548
name549,surname549
name550,surname550
name551,surname551
name552,surname552
name553,surname553
name554,surname554
name555,surname555
name556,surname556
name557,surname557
name558,surname558
name559,surname559
name560,surname560
name561,surname561
name562,surname562
name563,surname563
name564,surname564
name565,surname565
name566,surname566
name567,surname567
name568,surname568
name569,surname569
name570,surname570
name571,surname571
name572,surname572
name573,surname573
name574,surname574
name575,surname575
name576,surname576
name577,surname577
name578,surname578
name579,surname579
name580,surname580
name581,surname581
name582,surname582
name583,surname583
name584,surname584
name585,surname585
name586,surname586
name587,surname587
name588,surname588
name589,surname589
name590,surname590
name591,surname591
name592,surname592
name593,surname593
name594,surname594
name595,surname595
name596,surname596
name597,surname597
name598,surname598
name599,surname599
name600,surname600
name601,surname601
name602,surname602
name603,surname603
name604,surname604
name605,surname605
name606,surname606
name607,surname607
name608,surname608
name609,surname609
name610,surname610
name611,surname611
name612,surname612
name613,surname613
name614,surname614
name615,surname615
name616,surname616
name617,surname617
name618,surname618
name619,surname619
name620,surname620
name621,surname621
name622,surname622
name623,surname623
name624,surname624
name625,surname625
name626,surname626
name627,surname627
name628,surname628
name629,surname629
name630,surname630
name631,surname631
name632,surname632
name633,surname633
name634,surname634
name635,surname635
name636,surname636
name637,surname637
name638,surname638
name639,surname639
name640,surname640
name641,surname641
name642,surname642
name643,surname643
name644,surname644
name645,surname645
name646,surname646
name647,surname647
name648,surname648
name649,surname649
name650,surname650
name651,surname651
name652,surname652
name653,surname653
name654,surname654
name655,surname655
name656,surname656
name657,surname657
name658,surname658
name659,surname659
name660,surname660
name661,surname661
name662,surname662
name663,surname663
name664,surname664
name665,surname665
name666,surname666
name667,surname667
name668,surname668
name669,surname669
name670,surname670
name671,surname671
name672,surname672
name673,surname673
name674,surname674
name675,surname675
name676,surname676
name677,surname677
name678,surname678
name679,surname679
name680,surname680
name681,surname681
name682,surname682
name683,surname683
name684,surname684
name685,surname685
name686,surname686
name687,surname687
name688,surname688
name689,surname689
name690,surname690
name691,surname691
name692,surname692
name693,surname693
name694,surname694
name695,surname695
name696,surname696
name697,surname697
name698,surname698
name699,surname699
name700,surname700
name701,surname701
name702,surname702
name703,surname703
name704,surname704
name705,surname705
name706,surname706
name707,surname707
name708,surname708
name709,surname709
name710,surname710
name711,surname711
name712,surname712
name713,surname713
name714,surname714
name715,surname715
name716,surname716
name717,surname717
name718,surname718
name719,surname719
name720,surname720
name721,surname721
name722,surname722
name723,surname723
name724,surname724
name725,surname725
name726,surname726
name727,surname727
name728,surname728
name729,surname729
name730,surname730
name731,surname731
name732,surname732
name733,surname733
name734,surname734
name735,surname735
name736,surname736
name737,surname737
name738,surname738
name739,surname739
name740,surname740
name741,surname741
name742,surname742
name743,surname743
name744,surname744
name745,surname745
name746,surname746
name747,surname747
name748,surname748
name749,surname749
name750,surname750
name751,surname751
name752,surname752
name753,surname753
name754,surname754
name755,surname755
name756,surname756
name757,surname757
name758,surname758
name759,surname759
name760,surname760
name761,surname761
name762,surname762
name763,surname763
name764,surname764
name765,surname765
name766,surname766
name767,surname767
name768,surname768
name769,surname769
name770,surname770
name771,surname771
name772,surname772
name773,surname773
name774,surname774
name775,surname775
name776,surname776
name777,surname777
name778,surname778
name779,surname779
name780,surname780
name781,surname781
name782,surname782
name783,surname783
name784,surname784
name785,surname785
name786,surname786
name787,surname787
name788,surname788
name789,surname789
name790,surname790
name791,surname791
name792,surname792
name793,surname793
name794,surname794
name795,surname795
name796,surname796
name797,surname797
name798,surname798
name799,surname799
name800,surname800
name801,surname801
name802,surname802
name803,surname803
name804,surname804
name805,surname805
name806,surname806
name807,surname807
name808,surname808
name809,surname809
name810,surname810
name811,surname811
name812,surname812
name813,surname813
name814,surname814
name815,surname815
name816,surname816
name817,surname817
name818,surname818
name819,surname819
name820,surname820
name821,surname821
name822,surname822
name823,surname823
name824,surname824
name825,surname825
name826,surname826
name827,surname827
name828,surname828
name829,surname829
name830,surname830
name831,surname831
name832,surname832
name833,surname833
name834,surname834
name835,surname835
name836,surname836
name837,surname837
name838,surname838
name839,surname839
name840,surname840
name841,surname841
name842,surname842
name843,surname843
name844,surname844
name845,surname845
name846,surname846
name847,surname847
name848,surname848
name849,surname849
name850,surname850
name851,surname851
name852,surname852
name853,surname853
name854,surname854
name855,surname855
name856,surname856
name857,surname857
name858,surname858
name859,surname859
name860,surname860
name861,surname861
name862,surname862
name863,surname863
name864,surname864
name865,surname865
name866,surname866
name867,surname867
name868,surname868
name869,surname869
name870,surname870
name871,surname871
name872,surname872
name873,surname873
name874,surname874
name875,surname875
name876,surname876
name877,surname877
name878,surname878
name879,surname879
name880,surname880
name881,surname881
name882,surname882
name883,surname883
name884,surname884
name885,surname885
name886,surname886
name887,surname887
name888,surname888
name889,surname889
name890,surname890
name891,surname891
name892,surname892
name893,surname893
name894,surname894
name895,surname895
name896,surname896
name897,surname897
name898,surname898
name899,surname899
name900,surname900
name901,surname901
name902,surname902
name903,surname903
name904,surname904
name905,surname905
name906,surname906
name907,surname907
name908,surname908
name909,surname909
name910,surname910
name911,surname911
name912,surname912
name913,surname913
name914,surname914
name915,surname915
name916,surname916
name917,surname917
name918,surname918
name919,surname919
name920,surname920
name921,surname921
name922,surname922
name923,surname923
name924,surname924
name925,surname925
name926,surname926
name927,surname927
name928,surname928
name929,surname929
name930,surname930
name931,surname931
name932,surname932
name933,surname933
name934,surname934
name935,surname935
name936,surname936
name937,surname937
name938,surname938
name939,surname939
name940,surname940
name941,surname941
name942,surname942
name943,surname943
name944,surname944
name945,surname945
name946,surname946
name947,surname947
name948,surname948
name949,surname949
name950,surname950
name951,surname951
name952,surname952
name953,surname953
name954,surname954
name955,surname955
name956,surname956
name957,surname957
name958,surname958
name959,surname959
name960,surname960
name961,surname961
name962,surname962
name963,surname963
name964,surname964
name965,surname965
name966,surname966
name967,surname967
name968,surname968
name969,surname969
name970,surname970
name971,surname971
name972,surname972
name973,surname973
name974,surname974
name975,surname975
name976,surname976
name977,surname977
name978,surname978
name979,surname979
name980,surname980
name981,surname981
name982,surname982
name983,surname983
name984,surname984
name985,surname985
name986,surname986
name987,surname987
name988,surname988
name989,surname989
name990,surname990
name991,surname991
name992,surname992
name993,surname993
name994,surname994
name995,surname995
name996,surname996
name997,surname997
name998,surname998
name999,surname999
name1000,surname1000
